<?xml version="1.0" encoding="UTF-8"?>
<GenRun Id="synth_1" LaunchPart="xc7a35tcpg236-1" LaunchTime="1710727786">
  <File Type="PA-TCL" Name="Top_Student.tcl"/>
  <File Type="REPORTS-TCL" Name="Top_Student_reports.tcl"/>
  <File Type="RDS-RDS" Name="Top_Student.vds"/>
  <File Type="RDS-UTIL" Name="Top_Student_utilization_synth.rpt"/>
  <File Type="RDS-UTIL-PB" Name="Top_Student_utilization_synth.pb"/>
  <File Type="RDS-DCP" Name="Top_Student.dcp"/>
  <FileSet Name="sources" Type="DesignSrcs" RelSrcDir="$PSRCDIR/sources_1">
    <Filter Type="Srcs"/>
    <File Path="$PSRCDIR/sources_1/ip/blk_mem_gen_inter/blk_mem_gen_inter.xci">
      <FileInfo>
        <Attr Name="ImportPath" Val="$PPRDIR/../../../../../../../../Documents/Stuff/GitLab/school-work/NUS/Y1S2/EE2026/MODS.srcs/sources_1/ip/blk_mem_gen_inter/blk_mem_gen_inter.xci"/>
        <Attr Name="ImportTime" Val="1673495803"/>
        <Attr Name="UsedIn" Val="synthesis"/>
        <Attr Name="UsedIn" Val="implementation"/>
        <Attr Name="UsedIn" Val="simulation"/>
      </FileInfo>
    </File>
    <File Path="$PSRCDIR/sources_1/ip/blk_mem_gen_0_1/blk_mem_gen_0.xci">
      <FileInfo>
        <Attr Name="ImportPath" Val="$PPRDIR/../../../../../../../../Documents/Stuff/GitLab/school-work/NUS/Y1S2/EE2026/MODS.srcs/sources_1/ip/blk_mem_gen_0_1/blk_mem_gen_0.xci"/>
        <Attr Name="ImportTime" Val="1673495799"/>
        <Attr Name="UsedIn" Val="synthesis"/>
        <Attr Name="UsedIn" Val="implementation"/>
        <Attr Name="UsedIn" Val="simulation"/>
      </FileInfo>
    </File>
    <File Path="$PSRCDIR/sources_1/new/group_task/given_paint/CanvasTransfer.v">
      <FileInfo>
        <Attr Name="ImportPath" Val="$PPRDIR/../../../../../../../../Documents/Stuff/Github/WORK/EE2026_Project_B-MODs/integration_group_basic_tasks/integration_group_basic_tasks.srcs/sources_1/new/group_task/given_paint/CanvasTransfer.v"/>
        <Attr Name="ImportTime" Val="1709706079"/>
        <Attr Name="UsedIn" Val="synthesis"/>
        <Attr Name="UsedIn" Val="implementation"/>
        <Attr Name="UsedIn" Val="simulation"/>
      </FileInfo>
    </File>
    <File Path="$PSRCDIR/sources_1/imports/Desktop/Oled_Display.v">
      <FileInfo>
        <Attr Name="ImportPath" Val="$PPRDIR/../../../../../../../../Documents/Stuff/GitLab/school-work/NUS/Y1S2/EE2026/MODS.srcs/sources_1/imports/Desktop/Oled_Display.v"/>
        <Attr Name="ImportTime" Val="1677398246"/>
        <Attr Name="UsedIn" Val="synthesis"/>
        <Attr Name="UsedIn" Val="implementation"/>
        <Attr Name="UsedIn" Val="simulation"/>
      </FileInfo>
    </File>
    <File Path="$PSRCDIR/sources_1/new/task_a/adaptor_task_a.v">
      <FileInfo>
        <Attr Name="ImportPath" Val="$PPRDIR/../../../../../../../../Documents/Stuff/Github/WORK/EE2026_Project_B-MODs/integration_group_basic_tasks/integration_group_basic_tasks.srcs/sources_1/new/task_a/adaptor_task_a.v"/>
        <Attr Name="ImportTime" Val="1710680585"/>
        <Attr Name="UsedIn" Val="synthesis"/>
        <Attr Name="UsedIn" Val="implementation"/>
        <Attr Name="UsedIn" Val="simulation"/>
      </FileInfo>
    </File>
    <File Path="$PSRCDIR/sources_1/new/adaptor_task_b.v">
      <FileInfo>
        <Attr Name="ImportPath" Val="$PPRDIR/../../../../../../../../Documents/Stuff/Github/WORK/EE2026_Project_B-MODs/integration_group_basic_tasks/integration_group_basic_tasks.srcs/sources_1/new/adaptor_task_b.v"/>
        <Attr Name="ImportTime" Val="1710727780"/>
        <Attr Name="UsedIn" Val="synthesis"/>
        <Attr Name="UsedIn" Val="implementation"/>
        <Attr Name="UsedIn" Val="simulation"/>
      </FileInfo>
    </File>
    <File Path="$PSRCDIR/sources_1/new/adaptor_task_c.v">
      <FileInfo>
        <Attr Name="ImportPath" Val="$PPRDIR/../../../../../../../../Documents/Stuff/Github/WORK/EE2026_Project_B-MODs/integration_group_basic_tasks/integration_group_basic_tasks.srcs/sources_1/new/adaptor_task_c.v"/>
        <Attr Name="ImportTime" Val="1710692506"/>
        <Attr Name="UsedIn" Val="synthesis"/>
        <Attr Name="UsedIn" Val="implementation"/>
        <Attr Name="UsedIn" Val="simulation"/>
      </FileInfo>
    </File>
    <File Path="$PSRCDIR/sources_1/new/adaptor_task_d.v">
      <FileInfo>
        <Attr Name="ImportPath" Val="$PPRDIR/../../../../../../../../Documents/Stuff/Github/WORK/EE2026_Project_B-MODs/integration_group_basic_tasks/integration_group_basic_tasks.srcs/sources_1/new/adaptor_task_d.v"/>
        <Attr Name="ImportTime" Val="1710680585"/>
        <Attr Name="UsedIn" Val="synthesis"/>
        <Attr Name="UsedIn" Val="implementation"/>
        <Attr Name="UsedIn" Val="simulation"/>
      </FileInfo>
    </File>
    <File Path="$PSRCDIR/sources_1/new/group_task/adaptor_task_group.v">
      <FileInfo>
        <Attr Name="ImportPath" Val="$PPRDIR/../../../../../../../../Documents/Stuff/Github/WORK/EE2026_Project_B-MODs/integration_group_basic_tasks/integration_group_basic_tasks.srcs/sources_1/new/group_task/adaptor_task_group.v"/>
        <Attr Name="ImportTime" Val="1710692764"/>
        <Attr Name="UsedIn" Val="synthesis"/>
        <Attr Name="UsedIn" Val="implementation"/>
        <Attr Name="UsedIn" Val="simulation"/>
      </FileInfo>
    </File>
    <File Path="$PSRCDIR/sources_1/new/task_a/animation_timer.v">
      <FileInfo>
        <Attr Name="ImportPath" Val="$PPRDIR/../../../../../../../../Documents/Stuff/Github/WORK/EE2026_Project_B-MODs/integration_group_basic_tasks/integration_group_basic_tasks.srcs/sources_1/new/task_a/animation_timer.v"/>
        <Attr Name="ImportTime" Val="1709545670"/>
        <Attr Name="UsedIn" Val="synthesis"/>
        <Attr Name="UsedIn" Val="implementation"/>
        <Attr Name="UsedIn" Val="simulation"/>
      </FileInfo>
    </File>
    <File Path="$PSRCDIR/sources_1/new/custom/clk_counter.v">
      <FileInfo>
        <Attr Name="ImportPath" Val="$PPRDIR/../../../../../../../../Documents/Stuff/GitLab/school-work/NUS/Y1S2/EE2026/Labs/Project B-MODs/MODS.xpr/MODS/MODS.srcs/sources_1/new/custom/clk_counter.v"/>
        <Attr Name="ImportTime" Val="1707576535"/>
        <Attr Name="UsedIn" Val="synthesis"/>
        <Attr Name="UsedIn" Val="implementation"/>
        <Attr Name="UsedIn" Val="simulation"/>
      </FileInfo>
    </File>
    <File Path="$PSRCDIR/sources_1/new/group_task/image.v">
      <FileInfo>
        <Attr Name="ImportPath" Val="$PPRDIR/../../../../../../../../Documents/Stuff/Github/WORK/EE2026_Project_B-MODs/integration_group_basic_tasks/integration_group_basic_tasks.srcs/sources_1/new/group_task/image.v"/>
        <Attr Name="ImportTime" Val="1710680585"/>
        <Attr Name="UsedIn" Val="synthesis"/>
        <Attr Name="UsedIn" Val="implementation"/>
        <Attr Name="UsedIn" Val="simulation"/>
      </FileInfo>
    </File>
    <File Path="$PSRCDIR/sources_1/new/task_a/middle_square_timer.v">
      <FileInfo>
        <Attr Name="ImportPath" Val="$PPRDIR/../../../../../../../../Documents/Stuff/Github/WORK/EE2026_Project_B-MODs/integration_group_basic_tasks/integration_group_basic_tasks.srcs/sources_1/new/task_a/middle_square_timer.v"/>
        <Attr Name="ImportTime" Val="1710680585"/>
        <Attr Name="UsedIn" Val="synthesis"/>
        <Attr Name="UsedIn" Val="implementation"/>
        <Attr Name="UsedIn" Val="simulation"/>
      </FileInfo>
    </File>
    <File Path="$PSRCDIR/sources_1/new/group_task/given_paint/module_pack.v">
      <FileInfo>
        <Attr Name="ImportPath" Val="$PPRDIR/../../../../../../../../Documents/Stuff/Github/WORK/EE2026_Project_B-MODs/integration_group_basic_tasks/integration_group_basic_tasks.srcs/sources_1/new/group_task/given_paint/module_pack.v"/>
        <Attr Name="ImportTime" Val="1709706079"/>
        <Attr Name="UsedIn" Val="synthesis"/>
        <Attr Name="UsedIn" Val="implementation"/>
        <Attr Name="UsedIn" Val="simulation"/>
      </FileInfo>
    </File>
    <File Path="$PSRCDIR/sources_1/new/group_task/given_paint/neural_net.v">
      <FileInfo>
        <Attr Name="ImportPath" Val="$PPRDIR/../../../../../../../../Documents/Stuff/Github/WORK/EE2026_Project_B-MODs/integration_group_basic_tasks/integration_group_basic_tasks.srcs/sources_1/new/group_task/given_paint/neural_net.v"/>
        <Attr Name="ImportTime" Val="1709706079"/>
        <Attr Name="UsedIn" Val="synthesis"/>
        <Attr Name="UsedIn" Val="implementation"/>
        <Attr Name="UsedIn" Val="simulation"/>
      </FileInfo>
    </File>
    <File Path="$PSRCDIR/sources_1/new/group_task/given_paint/paint.v">
      <FileInfo>
        <Attr Name="ImportPath" Val="$PPRDIR/../../../../../../../../Documents/Stuff/Github/WORK/EE2026_Project_B-MODs/integration_group_basic_tasks/integration_group_basic_tasks.srcs/sources_1/new/group_task/given_paint/paint.v"/>
        <Attr Name="ImportTime" Val="1709706079"/>
        <Attr Name="UsedIn" Val="synthesis"/>
        <Attr Name="UsedIn" Val="implementation"/>
        <Attr Name="UsedIn" Val="simulation"/>
      </FileInfo>
    </File>
    <File Path="$PSRCDIR/sources_1/new/helpers/seg/seg_multiplexer.v">
      <FileInfo>
        <Attr Name="ImportPath" Val="$PPRDIR/../../../../../../../../Documents/Stuff/Github/WORK/EE2026_Project_B-MODs/integration_group_basic_tasks/integration_group_basic_tasks.srcs/sources_1/new/helpers/seg/seg_multiplexer.v"/>
        <Attr Name="ImportTime" Val="1709732216"/>
        <Attr Name="UsedIn" Val="synthesis"/>
        <Attr Name="UsedIn" Val="implementation"/>
        <Attr Name="UsedIn" Val="simulation"/>
      </FileInfo>
    </File>
    <File Path="$PSRCDIR/sources_1/new/group_task/given_paint/ss_display.v">
      <FileInfo>
        <Attr Name="ImportPath" Val="$PPRDIR/../../../../../../../../Documents/Stuff/Github/WORK/EE2026_Project_B-MODs/integration_group_basic_tasks/integration_group_basic_tasks.srcs/sources_1/new/group_task/given_paint/ss_display.v"/>
        <Attr Name="ImportTime" Val="1709706079"/>
        <Attr Name="UsedIn" Val="synthesis"/>
        <Attr Name="UsedIn" Val="implementation"/>
        <Attr Name="UsedIn" Val="simulation"/>
      </FileInfo>
    </File>
    <File Path="$PSRCDIR/sources_1/imports/Desktop/Mouse_Control.vhd">
      <FileInfo>
        <Attr Name="ImportPath" Val="$PPRDIR/../../../../../../../../Documents/Stuff/GitLab/school-work/NUS/Y1S2/EE2026/MODS.srcs/sources_1/imports/Desktop/Mouse_Control.vhd"/>
        <Attr Name="ImportTime" Val="1677398056"/>
        <Attr Name="UsedIn" Val="synthesis"/>
        <Attr Name="UsedIn" Val="simulation"/>
      </FileInfo>
    </File>
    <File Path="$PSRCDIR/sources_1/imports/Desktop/Ps2Interface.vhd">
      <FileInfo>
        <Attr Name="ImportPath" Val="$PPRDIR/../../../../../../../../Documents/Stuff/GitLab/school-work/NUS/Y1S2/EE2026/MODS.srcs/sources_1/imports/Desktop/Ps2Interface.vhd"/>
        <Attr Name="ImportTime" Val="1677398072"/>
        <Attr Name="UsedIn" Val="synthesis"/>
        <Attr Name="UsedIn" Val="simulation"/>
      </FileInfo>
    </File>
    <File Path="$PSRCDIR/sources_1/new/Top_Student.v">
      <FileInfo>
        <Attr Name="ImportPath" Val="$PPRDIR/../../../../../../../../Documents/Stuff/GitLab/SoundDisplay.srcs/sources_1/new/Top_Student.v"/>
        <Attr Name="ImportTime" Val="1570395690"/>
        <Attr Name="UsedIn" Val="synthesis"/>
        <Attr Name="UsedIn" Val="implementation"/>
        <Attr Name="UsedIn" Val="simulation"/>
      </FileInfo>
    </File>
    <File Path="$PSRCDIR/sources_1/imports/MouseAudioDisplay/archive_project_summary.txt">
      <FileInfo>
        <Attr Name="ImportPath" Val="$PPRDIR/../../../../../../../../Documents/Stuff/GitLab/school-work/NUS/Y1S2/MouseAudioDisplay/archive_project_summary.txt"/>
        <Attr Name="ImportTime" Val="1677398648"/>
      </FileInfo>
    </File>
    <File Path="$PSRCDIR/sources_1/imports/res/weights.coe">
      <FileInfo>
        <Attr Name="ImportPath" Val="$PPRDIR/../../../../../../../../Documents/Stuff/GitLab/school-work/NUS/Y1S2/EE2026/res/weights.coe"/>
        <Attr Name="ImportTime" Val="1677159677"/>
        <Attr Name="UsedIn" Val="synthesis"/>
        <Attr Name="UsedIn" Val="simulation"/>
      </FileInfo>
    </File>
    <File Path="$PSRCDIR/sources_1/imports/res/00.coe">
      <FileInfo>
        <Attr Name="ImportPath" Val="$PPRDIR/../../../../../../../../Documents/Stuff/GitLab/school-work/NUS/Y1S2/EE2026/res/00.coe"/>
        <Attr Name="ImportTime" Val="1677159677"/>
        <Attr Name="UsedIn" Val="synthesis"/>
        <Attr Name="UsedIn" Val="simulation"/>
      </FileInfo>
    </File>
    <File Path="$PSRCDIR/sources_1/imports/MODS/archive_project_summary.txt">
      <FileInfo>
        <Attr Name="ImportPath" Val="$PPRDIR/../../../../../../../../Documents/Stuff/GitLab/school-work/NUS/Y1S2/EE2026/Labs/Project B-MODs/MODS.xpr/MODS/archive_project_summary.txt"/>
        <Attr Name="ImportTime" Val="1709512915"/>
      </FileInfo>
    </File>
    <File Path="$PSRCDIR/sources_1/new/helpers/seg/seg_num_mapping.v">
      <FileInfo>
        <Attr Name="AutoDisabled" Val="1"/>
        <Attr Name="ImportPath" Val="$PPRDIR/../../../../../../../../Documents/Stuff/Github/WORK/EE2026_Project_B-MODs/integration_group_basic_tasks/integration_group_basic_tasks.srcs/sources_1/new/helpers/seg/seg_num_mapping.v"/>
        <Attr Name="ImportTime" Val="1709730202"/>
        <Attr Name="UsedIn" Val="synthesis"/>
        <Attr Name="UsedIn" Val="implementation"/>
        <Attr Name="UsedIn" Val="simulation"/>
      </FileInfo>
    </File>
    <Config>
      <Option Name="DesignMode" Val="RTL"/>
      <Option Name="TopModule" Val="Top_Student"/>
    </Config>
  </FileSet>
  <FileSet Name="constrs_in" Type="Constrs" RelSrcDir="$PSRCDIR/constrs_1">
    <Filter Type="Constrs"/>
    <File Path="$PSRCDIR/constrs_1/new/basys3.xdc">
      <FileInfo>
        <Attr Name="ImportPath" Val="$PPRDIR/../../../../../../../../Documents/Stuff/GitLab/school-work/NUS/Y1S2/EE2026/Labs/Project B-MODs/MODS.xpr/MODS/MODS.srcs/constrs_1/new/basys3.xdc"/>
        <Attr Name="ImportTime" Val="1709702089"/>
        <Attr Name="UsedIn" Val="synthesis"/>
        <Attr Name="UsedIn" Val="implementation"/>
      </FileInfo>
    </File>
    <Config>
      <Option Name="ConstrsType" Val="XDC"/>
    </Config>
  </FileSet>
  <Strategy Version="1" Minor="2">
    <StratHandle Name="Vivado Synthesis Defaults" Flow="Vivado Synthesis 2018"/>
    <Step Id="synth_design"/>
  </Strategy>
  <BlockFileSet Type="BlockSrcs" Name="blk_mem_gen_const"/>
  <BlockFileSet Type="BlockSrcs" Name="blk_mem_gen_img"/>
</GenRun>
